Time (ISO 8601),Time (UNIX ms),Batch ID (Mapping Cell with UE),Reporting Time Offset (ms),Indication Latency (ms),E2 Node ID,UE ID,DRB.PdcpSduVolumeDL (bytes),DRB.PdcpSduVolumeUL (bytes),DRB.RlcSduDelayDl (μs),DRB.UEThpDl (kbps),DRB.UEThpUl (kbps),RRU.PrbTotDl (%),RRU.PrbTotUl (%),
2026-10-03T11:08:23.918+00:00,1791025703918,2,0,0,gNB:3584,1,0,49,0.00,0.02,0.48,0,8,
2026-10-03T11:08:24.918+00:00,1791025704918,3,0,0,gNB:3584,1,0,0,0.00,0.00,0.00,0,4,
2026-10-03T11:08:25.918+00:00,1791025705918,4,0,0,gNB:3584,1,0,0,0.00,0.00,0.00,0,4,
2026-10-03T11:08:32.621+00:00,1791025712621,2,-1,0,gNB:3584,1,0,0,0.00,0.00,0.00,0,4,
2026-10-03T11:08:33.620+00:00,1791025713620,3,-1,0,gNB:3584,1,0,0,0.00,0.00,0.00,0,4,
2026-10-03T11:08:34.620+00:00,1791025714620,4,0,0,gNB:3584,1,0,49,0.00,0.02,0.44,0,23,
2026-10-03T11:08:35.620+00:00,1791025715620,5,0,0,gNB:3584,1,0,0,0.00,0.00,0.00,0,4,
2026-10-03T11:08:36.621+00:00,1791025716621,6,1,0,gNB:3584,1,0,0,0.00,0.00,0.00,0,4,
2026-10-03T11:08:37.621+00:00,1791025717621,7,0,0,gNB:3584,1,0,0,0.00,0.00,0.00,0,4,
2026-10-03T11:08:38.620+00:00,1791025718620,8,-1,0,gNB:3584,1,0,0,0.00,0.00,0.00,0,4,
2026-10-03T11:08:39.620+00:00,1791025719620,9,0,0,gNB:3584,1,0,0,0.00,0.00,0.00,0,4,
2026-10-03T11:08:40.621+00:00,1791025720621,10,1,0,gNB:3584,1,0,0,0.00,0.00,0.00,0,4,
2026-10-03T11:08:41.621+00:00,1791025721621,11,0,0,gNB:3584,1,0,0,0.00,0.00,0.00,0,4,
2026-10-03T11:08:42.620+00:00,1791025722620,12,-1,0,gNB:3584,1,0,0,0.00,0.00,7.23,0,44,
2026-10-03T11:08:43.621+00:00,1791025723621,13,1,0,gNB:3584,1,0,243342,0.00,0.26,1967.38,0,99,
2026-10-03T11:08:44.620+00:00,1791025724620,14,-1,0,gNB:3584,1,0,610813,0.00,0.34,4928.56,0,99,
2026-10-03T11:08:45.620+00:00,1791025725620,15,0,0,gNB:3584,1,0,1103642,0.00,0.46,8880.23,0,99,
2026-10-03T11:08:46.621+00:00,1791025726621,16,1,0,gNB:3584,1,0,1799256,0.00,0.70,14483.27,0,99,
2026-10-03T11:08:47.620+00:00,1791025727620,17,-1,0,gNB:3584,1,0,1918469,0.00,0.72,15439.62,0,70,
2026-10-03T11:08:48.620+00:00,1791025728620,18,0,0,gNB:3584,1,0,2056117,0.00,0.79,16547.30,0,99,
2026-10-03T11:08:49.620+00:00,1791025729620,19,0,0,gNB:3584,1,66,1719458,0.00,1.25,13833.90,0,96,
2026-10-03T11:08:50.621+00:00,1791025730621,20,1,0,gNB:3584,1,0,1344526,0.00,0.55,10821.68,0,88,
2026-10-03T11:08:51.621+00:00,1791025731621,21,0,0,gNB:3584,1,0,1328549,0.00,0.70,10701.08,0,62,
2026-10-03T11:08:52.621+00:00,1791025732621,22,0,0,gNB:3584,1,0,1343297,0.00,0.70,10811.09,0,85,
2026-10-03T11:08:53.621+00:00,1791025733621,23,0,0,gNB:3584,1,0,1334694,0.00,0.65,10736.66,0,83,
2026-10-03T11:08:54.620+00:00,1791025734620,24,-1,0,gNB:3584,1,0,1351900,0.00,0.62,10882.55,0,61,
2026-10-03T11:08:55.621+00:00,1791025735621,25,1,0,gNB:3584,1,0,1351900,0.00,0.60,10882.40,0,88,
2026-10-03T11:08:56.622+00:00,1791025736622,26,1,1,gNB:3584,1,0,1318717,0.00,0.65,10615.13,0,87,
2026-10-03T11:08:57.621+00:00,1791025737621,27,-1,0,gNB:3584,1,0,1329778,0.00,0.60,10788.21,0,58,
2026-10-03T11:08:58.621+00:00,1791025738621,28,0,0,gNB:3584,1,0,1385083,0.00,0.72,11069.02,0,86,
2026-10-03T11:08:59.620+00:00,1791025739620,29,-1,0,gNB:3584,1,0,1316259,0.00,0.65,10591.65,0,88,
2026-10-03T11:09:00.620+00:00,1791025740620,30,0,0,gNB:3584,1,0,1337152,0.00,0.60,10834.58,0,64,
2026-10-03T11:09:01.623+00:00,1791025741623,31,3,0,gNB:3584,1,0,1353129,0.00,0.84,10826.00,0,77,
2026-10-03T11:09:02.621+00:00,1791025742621,32,-2,0,gNB:3584,1,0,1337152,0.00,0.70,10755.17,0,87,
2026-10-03T11:09:03.621+00:00,1791025743621,33,0,0,gNB:3584,1,0,1358045,0.00,0.62,10930.92,0,65,
2026-10-03T11:09:04.621+00:00,1791025744621,34,0,0,gNB:3584,1,0,1324862,0.00,0.67,10664.91,0,86,
2026-10-03T11:09:05.620+00:00,1791025745620,35,-1,0,gNB:3584,1,0,1345755,0.00,0.67,10839.73,0,68,
2026-10-03T11:09:06.621+00:00,1791025746621,36,1,0,gNB:3584,1,0,1359274,0.00,0.67,10932.64,0,81,
2026-10-03T11:09:07.621+00:00,1791025747621,37,0,0,gNB:3584,1,0,1312572,0.00,0.65,10645.61,0,81,
2026-10-03T11:09:08.621+00:00,1791025748621,38,0,0,gNB:3584,1,0,1342068,0.00,0.67,10728.26,0,66,
2026-10-03T11:09:09.620+00:00,1791025749620,39,-1,0,gNB:3584,1,66,1358083,0.00,1.27,10925.31,0,85,
2026-10-03T11:09:10.620+00:00,1791025750620,40,0,0,gNB:3584,1,0,1313801,0.00,0.65,10719.74,0,70,
2026-10-03T11:09:11.621+00:00,1791025751621,41,1,0,gNB:3584,1,0,1382625,0.00,0.77,10987.28,0,75,
2026-10-03T11:09:12.621+00:00,1791025752621,42,0,0,gNB:3584,1,0,1331007,0.00,0.67,10714.37,0,85,
2026-10-03T11:09:13.621+00:00,1791025753621,43,0,0,gNB:3584,1,0,1337152,0.00,0.67,10758.29,0,62,
2026-10-03T11:09:14.621+00:00,1791025754621,44,0,0,gNB:3584,1,0,1354358,0.00,0.65,10909.29,0,87,
2026-10-03T11:09:15.621+00:00,1791025755621,45,0,0,gNB:3584,1,0,1313801,0.00,0.67,10731.45,0,78,
2026-10-03T11:09:16.622+00:00,1791025756622,46,1,0,gNB:3584,1,0,1338381,0.00,0.60,10608.46,0,71,
2026-10-03T11:09:17.622+00:00,1791025757622,47,0,1,gNB:3584,1,0,1362961,0.00,0.67,10979.26,0,87,
2026-10-03T11:09:18.620+00:00,1791025758620,48,-2,0,gNB:3584,1,0,1328549,0.00,0.67,10690.42,0,68,
2026-10-03T11:09:19.621+00:00,1791025759621,49,1,0,gNB:3584,1,0,1378987,0.00,0.67,11094.33,0,81,
2026-10-03T11:09:20.620+00:00,1791025760620,50,-1,0,gNB:3584,1,0,1338381,0.00,0.67,10773.04,0,87,
2026-10-03T11:09:21.623+00:00,1791025761623,51,3,0,gNB:3584,1,0,1332236,0.00,0.60,10725.13,0,59,
2026-10-03T11:09:22.621+00:00,1791025762621,52,-2,0,gNB:3584,1,0,1350671,0.00,0.67,10870.35,0,85,
2026-10-03T11:09:23.621+00:00,1791025763621,53,0,0,gNB:3584,1,0,1321175,0.00,0.67,10642.39,0,86,
2026-10-03T11:09:24.621+00:00,1791025764621,54,0,0,gNB:3584,1,0,1332236,0.00,0.65,10724.48,0,65,
2026-10-03T11:09:25.620+00:00,1791025765620,55,-1,0,gNB:3584,1,0,1361732,0.00,0.70,10954.28,0,88,
2026-10-03T11:09:26.620+00:00,1791025766620,56,0,0,gNB:3584,1,0,1327320,0.00,0.65,10764.03,0,73,
2026-10-03T11:09:27.620+00:00,1791025767620,57,0,0,gNB:3584,1,0,1348213,0.00,0.82,10769.25,0,72,
2026-10-03T11:09:28.622+00:00,1791025768622,58,2,0,gNB:3584,1,0,1371564,0.00,0.77,11040.17,0,86,
2026-10-03T11:09:29.622+00:00,1791025769622,59,0,0,gNB:3584,1,66,1324900,0.00,1.37,10664.89,0,69,
2026-10-03T11:09:30.621+00:00,1791025770621,60,-1,0,gNB:3584,1,0,1324862,0.00,0.70,10668.07,0,87,
2026-10-03T11:09:31.621+00:00,1791025771621,61,0,0,gNB:3584,1,0,1346984,0.00,0.60,10846.82,0,66,
2026-10-03T11:09:32.621+00:00,1791025772621,62,0,0,gNB:3584,1,0,1358045,0.00,0.62,10925.03,0,84,
2026-10-03T11:09:33.621+00:00,1791025773621,63,0,0,gNB:3584,1,0,1322404,0.00,0.70,10648.71,0,87,
2026-10-03T11:09:34.621+00:00,1791025774621,64,0,0,gNB:3584,1,0,1354358,0.00,0.62,10894.53,0,64,
2026-10-03T11:09:35.621+00:00,1791025775621,65,0,0,gNB:3584,1,0,1345755,0.00,0.67,10834.14,0,86,
2026-10-03T11:09:36.621+00:00,1791025776621,66,0,0,gNB:3584,1,0,1340839,0.00,0.62,10797.22,0,76,
2026-10-03T11:09:37.621+00:00,1791025777621,67,0,0,gNB:3584,1,0,1338381,0.00,0.82,10771.66,0,70,
2026-10-03T11:09:38.620+00:00,1791025778620,68,-1,0,gNB:3584,1,0,1364190,0.00,0.67,10980.58,0,86,
2026-10-03T11:09:39.621+00:00,1791025779621,69,1,0,gNB:3584,1,0,1319946,0.00,0.67,10624.78,0,67,
2026-10-03T11:09:40.622+00:00,1791025780622,70,1,0,gNB:3584,1,0,1339610,0.00,0.70,10780.00,0,80,
2026-10-03T11:09:41.620+00:00,1791025781620,71,-2,0,gNB:3584,1,0,1310114,0.00,0.70,10638.25,0,86,
2026-10-03T11:09:42.620+00:00,1791025782620,72,0,0,gNB:3584,1,0,1398602,0.00,0.58,11159.90,0,62,
2026-10-03T11:09:43.620+00:00,1791025783620,73,0,0,gNB:3584,1,0,1311343,0.00,0.67,10564.20,0,87,
2026-10-03T11:09:44.620+00:00,1791025784620,74,0,0,gNB:3584,1,0,1365419,0.00,0.72,10988.34,0,81,
2026-10-03T11:09:45.620+00:00,1791025785620,75,0,0,gNB:3584,1,0,1349442,0.00,0.67,10855.42,0,70,
2026-10-03T11:09:46.620+00:00,1791025786620,76,0,0,gNB:3584,1,0,1322404,0.00,0.65,10649.76,0,87,
2026-10-03T11:09:47.621+00:00,1791025787621,77,1,0,gNB:3584,1,0,1349442,0.00,0.65,10862.35,0,65,
2026-10-03T11:09:48.620+00:00,1791025788620,78,-1,0,gNB:3584,1,0,1345755,0.00,0.67,10832.06,0,87,
2026-10-03T11:09:49.620+00:00,1791025789620,79,0,0,gNB:3584,1,66,1342106,0.00,1.25,10806.45,0,87,
2026-10-03T11:09:50.621+00:00,1791025790621,80,1,0,gNB:3584,1,0,1334694,0.00,0.70,10739.73,0,63,
2026-10-03T11:09:51.621+00:00,1791025791621,81,0,0,gNB:3584,1,0,1339610,0.00,0.72,10777.15,0,86,
2026-10-03T11:09:52.621+00:00,1791025792621,82,0,0,gNB:3584,1,0,945101,0.00,0.36,7608.13,0,99,
2026-10-03T11:09:53.621+00:00,1791025793621,83,0,0,gNB:3584,1,0,918063,0.00,0.34,7393.51,0,92,
2026-10-03T11:09:54.622+00:00,1791025794622,84,1,0,gNB:3584,1,0,1050795,0.00,0.41,8459.42,0,61,
2026-10-03T11:09:55.620+00:00,1791025795620,85,-2,0,gNB:3584,1,0,1453907,0.00,0.58,11697.95,0,92,
2026-10-03T11:09:56.620+00:00,1791025796620,86,0,0,gNB:3584,1,0,1360503,0.00,0.53,10951.26,0,99,
2026-10-03T11:09:57.621+00:00,1791025797621,87,1,0,gNB:3584,1,0,1002864,0.00,0.38,8067.60,0,99,
2026-10-03T11:09:58.621+00:00,1791025798621,88,0,0,gNB:3584,1,0,1447762,0.00,0.55,11656.22,0,99,
2026-10-03T11:09:59.621+00:00,1791025799621,89,0,0,gNB:3584,1,0,1278160,0.00,0.53,10447.70,0,68,
2026-10-03T11:10:00.621+00:00,1791025800621,90,0,0,gNB:3584,1,0,1374022,0.00,0.50,10904.90,0,87,
2026-10-03T11:10:01.621+00:00,1791025801621,91,0,0,gNB:3584,1,0,1141741,0.00,0.41,9184.66,0,99,
2026-10-03T11:10:02.621+00:00,1791025802621,92,0,0,gNB:3584,1,0,957391,0.00,0.34,7707.58,0,99,
2026-10-03T11:10:03.621+00:00,1791025803621,93,0,0,gNB:3584,1,0,999177,0.00,0.36,8043.22,0,98,
2026-10-03T11:10:04.621+00:00,1791025804621,94,0,0,gNB:3584,1,0,1037276,0.00,0.43,8349.17,0,79,
2026-10-03T11:10:05.622+00:00,1791025805622,95,1,0,gNB:3584,1,0,1226542,0.00,0.48,10103.88,0,69,
2026-10-03T11:10:06.620+00:00,1791025806620,96,-2,0,gNB:3584,1,0,1146657,0.00,0.41,8997.59,0,84,
2026-10-03T11:10:07.621+00:00,1791025807621,97,1,0,gNB:3584,1,0,1978690,0.00,0.72,15919.19,0,99,
2026-10-03T11:10:08.621+00:00,1791025808621,98,0,0,gNB:3584,1,0,2319123,0.00,0.89,18749.33,0,93,
2026-10-03T11:10:09.621+00:00,1791025809621,99,0,0,gNB:3584,1,0,1978690,0.00,0.74,15844.56,0,72,
2026-10-03T11:10:10.621+00:00,1791025810621,100,0,0,gNB:3584,1,66,1868118,0.00,1.39,15033.17,0,93,
2026-10-03T11:10:11.621+00:00,1791025811621,101,0,0,gNB:3584,1,0,1332236,0.00,0.65,10819.16,0,73,
2026-10-03T11:10:12.621+00:00,1791025812621,102,0,0,gNB:3584,1,0,1372793,0.00,0.62,10954.54,0,70,
2026-10-03T11:10:13.621+00:00,1791025813621,103,0,0,gNB:3584,1,0,1351900,0.00,0.60,10889.58,0,88,
2026-10-03T11:10:14.620+00:00,1791025814620,104,-1,0,gNB:3584,1,0,1313801,0.00,0.70,10609.28,0,81,
2026-10-03T11:10:15.620+00:00,1791025815620,105,0,0,gNB:3584,1,0,1345755,0.00,0.62,10797.02,0,70,
2026-10-03T11:10:16.620+00:00,1791025816620,106,0,0,gNB:3584,1,0,1381396,0.00,0.72,11109.81,0,87,
2026-10-03T11:10:17.620+00:00,1791025817620,107,0,0,gNB:3584,1,0,1328549,0.00,0.65,10695.90,0,68,
2026-10-03T11:10:18.620+00:00,1791025818620,108,0,0,gNB:3584,1,0,1323633,0.00,0.70,10657.93,0,78,
2026-10-03T11:10:19.621+00:00,1791025819621,109,1,0,gNB:3584,1,0,1345804,0.00,0.67,10827.95,0,87,
2026-10-03T11:10:20.620+00:00,1791025820620,110,-1,0,gNB:3584,1,0,1359274,0.00,0.67,10947.41,0,66,
2026-10-03T11:10:21.621+00:00,1791025821621,111,1,0,gNB:3584,1,0,1353129,0.00,0.77,10893.02,0,85,
2026-10-03T11:10:22.621+00:00,1791025822621,112,0,0,gNB:3584,1,0,1312572,0.00,0.82,10555.59,0,62,
2026-10-03T11:10:23.621+00:00,1791025823621,113,0,0,gNB:3584,1,0,1365419,0.00,0.77,10997.84,0,86,
2026-10-03T11:10:24.621+00:00,1791025824621,114,0,0,gNB:3584,1,0,1332236,0.00,0.72,10725.47,0,73,
2026-10-03T11:10:25.621+00:00,1791025825621,115,0,0,gNB:3584,1,0,1345755,0.00,0.84,10825.39,0,78,
2026-10-03T11:10:26.622+00:00,1791025826622,116,1,1,gNB:3584,1,0,1324862,0.00,0.60,10667.80,0,89,
2026-10-03T11:10:27.621+00:00,1791025827621,117,-1,0,gNB:3584,1,0,1345755,0.00,0.65,10832.51,0,65,
2026-10-03T11:10:28.621+00:00,1791025828621,118,0,0,gNB:3584,1,0,1342068,0.00,0.72,10795.75,0,80,
2026-10-03T11:10:29.621+00:00,1791025829621,119,0,0,gNB:3584,1,66,1331045,0.00,1.32,10714.10,0,77,
2026-10-03T11:10:30.622+00:00,1791025830622,120,1,0,gNB:3584,1,0,1369106,0.00,0.70,11023.97,0,67,
2026-10-03T11:10:31.621+00:00,1791025831621,121,-1,0,gNB:3584,1,0,1334694,0.00,0.72,10748.38,0,87,
2026-10-03T11:10:32.621+00:00,1791025832621,122,0,0,gNB:3584,1,0,1329778,0.00,0.65,10714.74,0,71,
2026-10-03T11:10:33.621+00:00,1791025833621,123,0,0,gNB:3584,1,0,1381396,0.00,0.72,11099.95,0,78,
2026-10-03T11:10:34.621+00:00,1791025834621,124,0,0,gNB:3584,1,0,1315030,0.00,0.79,10592.82,0,85,
2026-10-03T11:10:35.620+00:00,1791025835620,125,-1,0,gNB:3584,1,0,1318717,0.00,0.65,10606.06,0,63,
2026-10-03T11:10:36.620+00:00,1791025836620,126,0,0,gNB:3584,1,0,1370335,0.00,0.65,11032.20,0,88,
2026-10-03T11:10:37.620+00:00,1791025837620,127,0,0,gNB:3584,1,0,1328549,0.00,0.62,10697.65,0,89,
2026-10-03T11:10:38.620+00:00,1791025838620,128,0,0,gNB:3584,1,0,1328549,0.00,0.62,10767.91,0,60,
2026-10-03T11:10:39.620+00:00,1791025839620,129,0,0,gNB:3584,1,0,1370335,0.00,0.62,10960.47,0,85,
2026-10-03T11:10:40.620+00:00,1791025840620,130,0,0,gNB:3584,1,0,1343297,0.00,0.70,10810.35,0,87,
2026-10-03T11:10:41.621+00:00,1791025841621,131,1,0,gNB:3584,1,0,1350671,0.00,0.60,10866.84,0,72,
2026-10-03T11:10:42.621+00:00,1791025842621,132,0,0,gNB:3584,1,157,1300282,350.00,2.05,10465.32,0,78,
2026-10-03T11:10:43.621+00:00,1791025843621,133,0,0,gNB:3584,1,314,2828,0.00,2.66,22.29,0,24,
2026-10-03T11:10:44.621+00:00,1791025844621,134,0,0,gNB:3584,1,0,0,0.00,0.00,0.00,0,4,
2026-10-03T11:10:45.620+00:00,1791025845620,135,-1,0,gNB:3584,1,0,0,0.00,0.00,0.00,0,4,
2026-10-03T11:10:46.620+00:00,1791025846620,136,0,0,gNB:3584,1,0,0,0.00,0.00,0.00,0,4,
2026-10-03T11:10:47.620+00:00,1791025847620,137,0,0,gNB:3584,1,0,0,0.00,0.00,0.00,0,4,
2026-10-03T11:10:48.620+00:00,1791025848620,138,0,0,gNB:3584,1,0,0,0.00,0.00,0.00,0,4,
2026-10-03T11:10:49.620+00:00,1791025849620,139,0,0,gNB:3584,1,66,38,0.00,0.60,0.38,0,17,
2026-10-03T11:10:50.621+00:00,1791025850621,140,1,0,gNB:3584,1,0,0,0.00,0.00,0.00,0,4,
2026-10-03T11:10:51.622+00:00,1791025851622,141,1,0,gNB:3584,1,0,0,0.00,0.00,0.00,0,4,
2026-10-03T11:10:52.620+00:00,1791025852620,142,-2,0,gNB:3584,1,0,0,0.00,0.00,0.00,0,4,
2026-10-03T11:10:53.621+00:00,1791025853621,143,1,0,gNB:3584,1,893483,0,796.37,7173.56,0.24,18,7,
2026-10-03T11:10:54.621+00:00,1791025854621,144,0,0,gNB:3584,1,1342068,0,2884.89,10740.28,0.50,16,4,
2026-10-03T11:10:55.621+00:00,1791025855621,145,0,0,gNB:3584,1,1342068,0,844.88,10908.52,0.58,17,4,
2026-10-03T11:10:56.620+00:00,1791025856620,146,-1,0,gNB:3584,1,1342068,0,918.38,10799.72,0.48,18,4,
2026-10-03T11:10:57.621+00:00,1791025857621,147,1,0,gNB:3584,1,1343297,0,2519.18,10819.24,0.59,16,4,
2026-10-03T11:10:58.621+00:00,1791025858621,148,0,0,gNB:3584,1,1342068,0,915.96,10859.24,0.60,16,3,
2026-10-03T11:10:59.621+00:00,1791025859621,149,0,0,gNB:3584,1,1342068,0,847.58,10789.88,0.43,19,4,
2026-10-03T11:11:00.620+00:00,1791025860620,150,-1,0,gNB:3584,1,1342068,0,987.22,10809.56,0.46,18,4,
2026-10-03T11:11:01.620+00:00,1791025861620,151,0,0,gNB:3584,1,1342068,0,908.02,10844.48,0.58,16,3,
2026-10-03T11:11:02.621+00:00,1791025862621,152,1,0,gNB:3584,1,1344526,0,863.11,10799.84,0.48,19,4,
2026-10-03T11:11:03.620+00:00,1791025863620,153,-1,0,gNB:3584,1,1340839,0,968.12,10779.92,0.43,19,4,
2026-10-03T11:11:04.620+00:00,1791025864620,154,0,0,gNB:3584,1,1342068,0,850.48,10854.28,0.55,15,4,
2026-10-03T11:11:05.621+00:00,1791025865621,155,1,0,gNB:3584,1,1343297,0,783.63,10799.60,0.50,18,4,
2026-10-03T11:11:06.621+00:00,1791025866621,156,0,0,gNB:3584,1,1342068,0,874.61,10778.38,0.46,18,4,
2026-10-03T11:11:07.621+00:00,1791025867621,157,0,0,gNB:3584,1,1343297,0,5043.43,10875.86,0.53,17,4,
2026-10-03T11:11:08.621+00:00,1791025868621,158,0,0,gNB:3584,1,1342068,0,899.05,10779.80,0.46,18,4,
2026-10-03T11:11:09.620+00:00,1791025869620,159,-1,0,gNB:3584,1,1342134,38,818.07,10780.80,0.78,19,4,
2026-10-03T11:11:10.620+00:00,1791025870620,160,0,0,gNB:3584,1,1342068,0,910.57,10799.52,0.48,18,4,
2026-10-03T11:11:11.620+00:00,1791025871620,161,0,0,gNB:3584,1,1342068,0,823.96,10884.20,0.65,16,4,
2026-10-03T11:11:12.620+00:00,1791025872620,162,0,0,gNB:3584,1,1343297,0,768.59,10809.56,0.48,18,3,
2026-10-03T11:11:13.621+00:00,1791025873621,163,1,0,gNB:3584,1,1342068,0,824.87,10799.72,0.48,18,4,
2026-10-03T11:11:14.621+00:00,1791025874621,164,0,0,gNB:3584,1,1342068,0,902.67,10854.16,0.58,16,4,
2026-10-03T11:11:15.622+00:00,1791025875622,165,1,2,gNB:3584,1,1342068,0,823.78,10779.92,0.46,18,3,
2026-10-03T11:11:16.621+00:00,1791025876621,166,0,0,gNB:3584,1,1343297,0,899.69,10809.80,0.46,19,4,
2026-10-03T11:11:17.620+00:00,1791025877620,167,-1,0,gNB:3584,1,1342068,0,873.23,10874.16,0.61,15,4,
2026-10-03T11:11:18.620+00:00,1791025878620,168,0,0,gNB:3584,1,1342068,0,841.08,10780.08,0.46,18,3,
2026-10-03T11:11:19.620+00:00,1791025879620,169,0,0,gNB:3584,1,1342068,0,897.88,10809.88,0.48,19,3,
2026-10-03T11:11:20.620+00:00,1791025880620,170,0,0,gNB:3584,1,1343297,0,1958.40,10928.60,0.66,15,4,
2026-10-03T11:11:21.620+00:00,1791025881620,171,0,0,gNB:3584,1,1342068,0,868.32,10779.76,0.48,18,4,
2026-10-03T11:11:22.620+00:00,1791025882620,172,0,0,gNB:3584,1,1342068,0,868.35,10779.96,0.46,19,3,
2026-10-03T11:11:23.621+00:00,1791025883621,173,1,0,gNB:3584,1,1343297,0,3352.87,10858.72,0.51,17,4,
2026-10-03T11:11:24.620+00:00,1791025884620,174,-1,0,gNB:3584,1,1342068,0,817.20,10879.04,0.68,15,4,
2026-10-03T11:11:25.620+00:00,1791025885620,175,0,0,gNB:3584,1,1342068,0,916.47,10799.88,0.46,19,4,
2026-10-03T11:11:26.620+00:00,1791025886620,176,0,0,gNB:3584,1,1342068,0,853.44,10779.92,0.48,18,3,
2026-10-03T11:11:27.620+00:00,1791025887620,177,0,0,gNB:3584,1,1342068,0,1517.42,11027.88,0.47,22,4,
2026-10-03T11:11:28.621+00:00,1791025888621,178,1,0,gNB:3584,1,1343297,0,3177.04,10761.84,0.19,38,4,
2026-10-03T11:11:29.621+00:00,1791025889621,179,0,0,gNB:3584,1,1343363,38,2696.80,10782.36,0.57,37,4,
2026-10-03T11:11:30.621+00:00,1791025890621,180,0,0,gNB:3584,1,1342068,0,2915.28,10841.52,0.19,47,4,
2026-10-03T11:11:31.621+00:00,1791025891621,181,0,0,gNB:3584,1,1343297,0,2984.30,10798.45,0.17,49,4,
2026-10-03T11:11:32.621+00:00,1791025892621,182,0,0,gNB:3584,1,1340839,0,2791.90,10722.92,0.22,44,4,
2026-10-03T11:11:33.621+00:00,1791025893621,183,0,0,gNB:3584,1,1343297,0,6426.83,10833.11,0.29,27,4,
2026-10-03T11:11:34.621+00:00,1791025894621,184,0,0,gNB:3584,1,1342068,0,1766.73,11023.24,0.50,23,3,
2026-10-03T11:11:35.621+00:00,1791025895621,185,0,0,gNB:3584,1,1343297,0,1763.50,10800.00,0.29,29,4,
2026-10-03T11:11:36.621+00:00,1791025896621,186,0,0,gNB:3584,1,1340839,0,2826.89,10719.33,0.19,44,4,
2026-10-03T11:11:37.624+00:00,1791025897624,187,3,0,gNB:3584,1,1346984,0,2711.93,10891.16,0.17,49,4,
2026-10-03T11:11:38.620+00:00,1791025898620,188,-4,0,gNB:3584,1,1337152,0,2204.39,10745.59,0.26,33,4,
2026-10-03T11:11:39.621+00:00,1791025899621,189,1,0,gNB:3584,1,1343297,0,2851.64,10790.84,0.24,29,4,
2026-10-03T11:11:40.621+00:00,1791025900621,190,0,0,gNB:3584,1,1342068,0,916.03,10973.76,0.60,19,4,
2026-10-03T11:11:41.620+00:00,1791025901620,191,-1,0,gNB:3584,1,1342068,0,959.06,10779.96,0.46,20,3,
2026-10-03T11:11:42.620+00:00,1791025902620,192,0,0,gNB:3584,1,1342068,0,874.56,10780.08,0.46,20,4,
2026-10-03T11:11:43.621+00:00,1791025903621,193,1,0,gNB:3584,1,1343297,0,1602.57,10913.72,0.67,16,4,
2026-10-03T11:11:44.621+00:00,1791025904621,194,0,0,gNB:3584,1,1342068,0,891.54,10789.68,0.48,19,3,
2026-10-03T11:11:45.621+00:00,1791025905621,195,0,0,gNB:3584,1,1343297,0,943.27,10809.84,0.48,20,4,
2026-10-03T11:11:46.621+00:00,1791025906621,196,0,0,gNB:3584,1,1342068,0,773.53,10769.96,0.46,18,4,
2026-10-03T11:11:47.621+00:00,1791025907621,197,0,0,gNB:3584,1,1343297,0,927.12,10923.56,0.60,16,3,
2026-10-03T11:11:48.621+00:00,1791025908621,198,0,0,gNB:3584,1,1342068,0,864.80,10790.04,0.43,19,4,
2026-10-03T11:11:49.634+00:00,1791025909634,199,13,1,gNB:3584,1,1358111,38,767.96,10928.80,0.81,19,4,
2026-10-03T11:11:50.621+00:00,1791025910621,200,-13,0,gNB:3584,1,1326091,0,844.60,10740.84,0.59,15,4,
2026-10-03T11:11:51.620+00:00,1791025911620,201,-1,0,gNB:3584,1,1342068,0,878.79,10799.56,0.46,18,3,
2026-10-03T11:11:52.620+00:00,1791025912620,202,0,0,gNB:3584,1,1342068,0,469.01,10779.92,0.50,17,4,
2026-10-03T11:11:53.621+00:00,1791025913621,203,1,0,gNB:3584,1,1343297,0,4658.33,10809.72,0.49,16,4,
2026-10-03T11:11:54.621+00:00,1791025914621,204,0,0,gNB:3584,1,1343297,0,838.25,10809.40,0.48,17,3,
2026-10-03T11:11:55.626+00:00,1791025915626,205,5,0,gNB:3584,1,1348213,0,918.09,10829.64,0.46,19,4,
2026-10-03T11:11:56.621+00:00,1791025916621,206,-5,0,gNB:3584,1,1335923,0,861.79,10760.00,0.51,18,4,
2026-10-03T11:11:57.622+00:00,1791025917622,207,1,0,gNB:3584,1,1343297,0,863.85,10889.32,0.58,16,4,
2026-10-03T11:11:58.621+00:00,1791025918621,208,-1,0,gNB:3584,1,1340839,0,939.52,10769.96,0.46,20,4,
2026-10-03T11:11:59.620+00:00,1791025919620,209,-1,0,gNB:3584,1,1342068,0,928.22,10809.72,0.48,19,3,
2026-10-03T11:12:00.621+00:00,1791025920621,210,1,0,gNB:3584,1,1343297,0,862.79,10834.20,0.55,16,4,
2026-10-03T11:12:01.621+00:00,1791025921621,211,0,0,gNB:3584,1,1343297,0,932.86,10819.52,0.46,19,4,
2026-10-03T11:12:02.621+00:00,1791025922621,212,0,0,gNB:3584,1,1342068,0,892.34,10790.04,0.48,20,4,
2026-10-03T11:12:03.621+00:00,1791025923621,213,0,0,gNB:3584,1,1342068,0,906.16,10750.08,0.48,18,4,
2026-10-03T11:12:04.623+00:00,1791025924623,214,2,0,gNB:3584,1,1345755,0,894.90,10923.16,0.55,16,4,
2026-10-03T11:12:05.621+00:00,1791025925621,215,-2,0,gNB:3584,1,1338381,0,916.34,10750.32,0.48,19,4,
2026-10-03T11:12:06.621+00:00,1791025926621,216,0,0,gNB:3584,1,1343297,0,889.14,10799.92,0.48,18,3,
2026-10-03T11:12:07.622+00:00,1791025927622,217,1,1,gNB:3584,1,1342068,0,885.62,10814.28,0.62,15,4,
2026-10-03T11:12:08.622+00:00,1791025928622,218,0,0,gNB:3584,1,1343297,0,882.37,10809.56,0.46,19,4,
2026-10-03T11:12:09.621+00:00,1791025929621,219,-1,0,gNB:3584,1,1340905,38,940.85,10800.44,0.83,18,3,
2026-10-03T11:12:10.623+00:00,1791025930623,220,2,0,gNB:3584,1,1345755,0,814.50,10972.92,0.61,16,4,
2026-10-03T11:12:11.623+00:00,1791025931623,221,0,0,gNB:3584,1,1342068,0,920.38,10799.72,0.46,19,4,
2026-10-03T11:12:12.622+00:00,1791025932622,222,-1,0,gNB:3584,1,1340839,0,500.89,10779.64,0.55,16,4,
2026-10-03T11:12:13.621+00:00,1791025933621,223,-1,0,gNB:3584,1,1342068,0,845.81,10923.24,0.66,14,3,
2026-10-03T11:12:14.621+00:00,1791025934621,224,0,0,gNB:3584,1,1342068,49,938.86,10797.80,0.92,18,4,
2026-10-03T11:12:15.621+00:00,1791025935621,225,0,0,gNB:3584,1,1342068,0,948.11,10801.50,0.43,19,4,
2026-10-03T11:12:16.623+00:00,1791025936623,226,2,0,gNB:3584,1,1344526,0,4435.71,10868.96,0.51,17,3,
2026-10-03T11:12:17.620+00:00,1791025937620,227,-3,0,gNB:3584,1,1339610,0,882.43,10888.68,0.52,17,4,
2026-10-03T11:12:18.620+00:00,1791025938620,228,0,0,gNB:3584,1,1342068,0,888.92,10799.52,0.46,18,4,
2026-10-03T11:12:19.621+00:00,1791025939621,229,1,0,gNB:3584,1,1343297,0,782.53,10789.68,0.46,18,3,
2026-10-03T11:12:20.621+00:00,1791025940621,230,0,0,gNB:3584,1,1342068,0,780.88,10962.84,0.61,16,4,
2026-10-03T11:12:21.620+00:00,1791025941620,231,-1,0,gNB:3584,1,1342068,0,901.56,10779.84,0.50,18,4,
2026-10-03T11:12:22.620+00:00,1791025942620,232,0,0,gNB:3584,1,1342068,0,876.27,10789.83,0.41,19,3,
2026-10-03T11:12:23.620+00:00,1791025943620,233,0,0,gNB:3584,1,1342068,0,822.70,10883.57,0.61,15,4,
2026-10-03T11:12:24.621+00:00,1791025944621,234,1,0,gNB:3584,1,1343297,0,830.05,10799.72,0.48,18,4,
2026-10-03T11:12:25.621+00:00,1791025945621,235,0,0,gNB:3584,1,1342068,0,845.79,10790.00,0.48,19,3,
2026-10-03T11:12:26.621+00:00,1791025946621,236,0,0,gNB:3584,1,1343297,0,3392.44,10799.76,0.50,16,4,
2026-10-03T11:12:27.621+00:00,1791025947621,237,0,0,gNB:3584,1,1342068,0,595.49,10952.88,0.57,17,4,
2026-10-03T11:12:28.621+00:00,1791025948621,238,0,0,gNB:3584,1,1343297,0,814.25,10769.84,0.58,15,3,
2026-10-03T11:12:29.621+00:00,1791025949621,239,0,0,gNB:3584,1,1342134,38,3822.20,10790.76,1.02,16,4,
2026-10-03T11:12:30.620+00:00,1791025950620,240,-1,0,gNB:3584,1,1340839,0,891.37,10947.80,0.46,18,4,
2026-10-03T11:12:31.620+00:00,1791025951620,241,0,0,gNB:3584,1,1343297,0,904.75,10799.84,0.46,19,3,
2026-10-03T11:12:32.620+00:00,1791025952620,242,0,0,gNB:3584,1,1342068,0,898.56,10779.72,0.46,18,4,
2026-10-03T11:12:33.621+00:00,1791025953621,243,1,0,gNB:3584,1,1343297,0,830.78,10948.64,0.64,16,4,
2026-10-03T11:12:34.621+00:00,1791025954621,244,0,0,gNB:3584,1,1342068,0,767.98,10799.72,0.46,19,3,
2026-10-03T11:12:35.620+00:00,1791025955620,245,-1,0,gNB:3584,1,1340839,0,694.54,10779.52,0.50,17,4,
2026-10-03T11:12:36.621+00:00,1791025956621,246,1,0,gNB:3584,1,1344526,0,790.97,10928.24,0.64,15,4,
2026-10-03T11:12:37.621+00:00,1791025957621,247,0,1,gNB:3584,1,1340839,0,771.22,10789.56,0.50,17,4,
2026-10-03T11:12:38.621+00:00,1791025958621,248,0,0,gNB:3584,1,1342068,0,878.70,10780.12,0.53,18,4,
2026-10-03T11:12:39.621+00:00,1791025959621,249,0,0,gNB:3584,1,1344526,0,892.76,10878.48,0.66,14,4,
2026-10-03T11:12:40.620+00:00,1791025960620,250,-1,0,gNB:3584,1,1340839,0,1249.40,10780.04,0.48,19,4,
2026-10-03T11:12:41.620+00:00,1791025961620,251,0,0,gNB:3584,1,1342068,0,2355.04,10770.88,0.22,37,4,
2026-10-03T11:12:42.621+00:00,1791025962621,252,1,0,gNB:3584,1,1343297,0,1623.11,10839.72,0.31,28,3,
2026-10-03T11:12:43.621+00:00,1791025963621,253,0,0,gNB:3584,1,1342068,0,11294.16,10909.56,0.42,21,4,
2026-10-03T11:12:44.621+00:00,1791025964621,254,0,0,gNB:3584,1,1343297,0,2193.04,10904.60,0.29,37,4,
2026-10-03T11:12:45.621+00:00,1791025965621,255,0,0,gNB:3584,1,1342068,0,2216.26,10751.56,0.24,40,4,
2026-10-03T11:12:46.621+00:00,1791025966621,256,0,0,gNB:3584,1,1343297,0,1356.08,10840.84,0.24,37,4,
2026-10-03T11:12:47.620+00:00,1791025967620,257,-1,0,gNB:3584,1,1340839,0,1564.34,10790.60,0.34,28,4,
2026-10-03T11:12:48.620+00:00,1791025968620,258,0,0,gNB:3584,1,1342068,0,845.24,10799.56,0.46,18,4,
2026-10-03T11:12:49.620+00:00,1791025969620,259,0,0,gNB:3584,1,1342134,38,909.11,10968.32,0.93,16,4,
2026-10-03T11:12:50.620+00:00,1791025970620,260,0,0,gNB:3584,1,1343297,0,863.77,10799.76,0.46,19,3,
2026-10-03T11:12:51.621+00:00,1791025971621,261,1,0,gNB:3584,1,1343297,0,784.81,10809.48,0.48,18,4,
2026-10-03T11:12:52.620+00:00,1791025972620,262,-1,0,gNB:3584,1,1340839,0,784.29,10849.08,0.61,15,4,
2026-10-03T11:12:53.622+00:00,1791025973622,263,2,2,gNB:3584,1,456329,471,0.00,3670.33,4.30,6,4,
2026-10-03T11:12:54.620+00:00,1791025974620,264,-2,0,gNB:3584,1,0,0,0.00,0.00,0.00,0,4,
2026-10-03T11:12:55.621+00:00,1791025975621,265,1,0,gNB:3584,1,0,0,0.00,0.00,0.00,0,4,
2026-10-03T11:12:56.621+00:00,1791025976621,266,0,0,gNB:3584,1,0,0,0.00,0.00,0.00,0,4,
2026-10-03T11:12:57.621+00:00,1791025977621,267,0,0,gNB:3584,1,0,0,0.00,0.00,0.00,0,4,
2026-10-03T11:12:58.621+00:00,1791025978621,268,0,0,gNB:3584,1,0,0,0.00,0.00,0.00,0,4,
2026-10-03T11:12:59.622+00:00,1791025979622,269,1,0,gNB:3584,1,0,0,0.00,0.00,0.00,0,4,
2026-10-03T11:13:00.621+00:00,1791025980621,270,-1,0,gNB:3584,1,0,0,0.00,0.00,0.00,0,4,
2026-10-03T11:13:01.622+00:00,1791025981622,271,1,0,gNB:3584,1,0,0,0.00,0.00,0.00,0,4,
2026-10-03T11:13:02.622+00:00,1791025982622,272,0,1,gNB:3584,1,0,0,0.00,0.00,0.00,0,4,
2026-10-03T11:13:03.621+00:00,1791025983621,273,-1,0,gNB:3584,1,0,0,0.00,0.00,0.00,0,4,
2026-10-03T11:13:04.621+00:00,1791025984621,274,0,0,gNB:3584,1,0,0,0.00,0.00,0.00,0,4,
2026-10-03T11:13:05.622+00:00,1791025985622,275,1,0,gNB:3584,1,0,0,0.00,0.00,0.00,0,4,
2026-10-03T11:13:06.621+00:00,1791025986621,276,-1,0,gNB:3584,1,0,0,0.00,0.00,0.00,0,4,
2026-10-03T11:13:07.621+00:00,1791025987621,277,0,0,gNB:3584,1,0,0,0.00,0.00,0.00,0,4,
2026-10-03T11:13:08.621+00:00,1791025988621,278,0,0,gNB:3584,1,0,0,0.00,0.00,0.00,0,4,
2026-10-03T11:13:09.621+00:00,1791025989621,279,0,0,gNB:3584,1,66,38,0.00,0.60,0.38,0,18,
2026-10-03T11:13:10.621+00:00,1791025990621,280,0,0,gNB:3584,1,0,0,0.00,0.00,0.00,0,4,
2026-10-03T11:13:11.621+00:00,1791025991621,281,0,0,gNB:3584,1,0,0,0.00,0.00,0.00,0,4,
2026-10-03T11:13:12.621+00:00,1791025992621,282,0,0,gNB:3584,1,0,0,0.00,0.00,0.00,0,4,
2026-10-03T11:13:13.621+00:00,1791025993621,283,0,0,gNB:3584,1,0,0,0.00,0.00,0.00,0,4,
2026-10-03T11:13:14.620+00:00,1791025994620,284,-1,0,gNB:3584,1,0,0,0.00,0.00,0.00,0,4,
2026-10-03T11:13:15.621+00:00,1791025995621,285,1,0,gNB:3584,1,0,0,0.00,0.00,0.00,0,4,
2026-10-03T11:13:16.620+00:00,1791025996620,286,-1,0,gNB:3584,1,0,0,0.00,0.00,0.00,0,4,
2026-10-03T11:13:17.620+00:00,1791025997620,287,0,0,gNB:3584,1,0,0,0.00,0.00,0.00,0,4,
2026-10-03T11:13:18.620+00:00,1791025998620,288,0,0,gNB:3584,1,0,0,0.00,0.00,0.00,0,4,
2026-10-03T11:13:19.621+00:00,1791025999621,289,1,1,gNB:3584,1,0,0,0.00,0.00,0.00,0,4,
2026-10-03T11:13:20.620+00:00,1791026000620,290,-1,0,gNB:3584,1,0,0,0.00,0.00,0.00,0,4,
2026-10-03T11:13:21.621+00:00,1791026001621,291,1,0,gNB:3584,1,0,0,0.00,0.00,0.00,0,4,
2026-10-03T11:13:22.620+00:00,1791026002620,292,-1,0,gNB:3584,1,0,0,0.00,0.00,0.00,0,4,
