run_id,observed_at,supi,seid,urr_id,ur_seqn,trigger,ul_bytes,dl_bytes,total_bytes,ul_packets,dl_packets,total_packets,duration_seconds,dnn,sst,sd
bootstrap,2026-09-28T16:04:15.863611752Z,imsi-001010123456780,1000001790611455,,999999999,Volume Threshold,100,100,200,1,1,2,120,nist-dnn,1,FFFFFF
bootstrap,2026-09-28T16:04:29.605201381Z,imsi-001010123456780,1000001790611469,,999999999,Volume Threshold,100,100,200,1,1,2,120,nist-dnn,1,FFFFFF
bootstrap,2026-09-28T17:00:06.308542967Z,imsi-001010123456780,1000001790614806,,999999999,Volume Threshold,100,100,200,1,1,2,120,nist-dnn,1,FFFFFF
bootstrap,2026-09-28T17:00:19.800508375Z,imsi-001010123456780,1000001790614819,,999999999,Volume Threshold,100,100,200,1,1,2,120,nist-dnn,1,FFFFFF
bootstrap,2026-09-28T17:11:20.464739647Z,imsi-001010123456780,1000001790615480,,999999999,Volume Threshold,100,100,200,1,1,2,120,nist-dnn,1,FFFFFF
bootstrap,2026-09-28T17:12:57.596492141Z,imsi-001010123456780,1000001790615577,,999999999,Volume Threshold,100,100,200,1,1,2,120,nist-dnn,1,FFFFFF
bootstrap,2026-09-28T17:13:57.640751562Z,imsi-001010123456780,1000001790615637,,999999999,Volume Threshold,100,100,200,1,1,2,120,nist-dnn,1,FFFFFF
bootstrap,2026-09-28T17:18:30.577570108Z,imsi-001010123456780,1000001790615910,,999999999,Volume Threshold,100,100,200,1,1,2,120,nist-dnn,1,FFFFFF
bootstrap,2026-09-29T04:40:09.215430321Z,imsi-001010123456780,1000001790656809,,999999999,Volume Threshold,100,100,200,1,1,2,120,nist-dnn,1,FFFFFF
bootstrap,2026-09-29T04:40:12.036031771Z,imsi-001010123456780,1000001790656812,,999999999,Volume Threshold,100,100,200,1,1,2,120,nist-dnn,1,FFFFFF
bootstrap,2026-09-29T04:41:45.174856082Z,imsi-001010123456780,1000001790656905,,999999999,Volume Threshold,100,100,200,1,1,2,120,nist-dnn,1,FFFFFF
bootstrap,2026-09-29T04:42:40.057859304Z,imsi-001010123456780,1,,1,Time Threshold,0,1556,1556,0,1,1,44,nist-dnn,1,FFFFFF
bootstrap,2026-09-29T04:42:40.079226353Z,imsi-001010123456780,1,,2,Periodic Reporting,0,1556,1556,0,1,1,44,nist-dnn,1,FFFFFF
bootstrap,2026-09-29T04:42:50.038351314Z,imsi-001010123456780,1,,3,Periodic Reporting,0,681528,681528,0,438,438,54,nist-dnn,1,FFFFFF
bootstrap,2026-09-29T04:49:23.62357709Z,imsi-001010123456780,1000001790657363,,999999999,Volume Threshold,100,100,200,1,1,2,120,nist-dnn,1,FFFFFF
bootstrap,2026-09-29T06:22:05.58984962Z,imsi-001010123456780,1000001790662925,,999999999,Volume Threshold,100,100,200,1,1,2,120,nist-dnn,1,FFFFFF
bootstrap,2026-09-29T06:28:01.998199446Z,imsi-001010123456780,3,,1,Time Threshold,0,1556,1556,0,1,1,333,nist-dnn,1,FFFFFF
bootstrap,2026-09-29T06:28:02.019014641Z,imsi-001010123456780,3,,2,Periodic Reporting,0,1556,1556,0,1,1,333,nist-dnn,1,FFFFFF
bootstrap,2026-09-29T06:28:12.019375311Z,imsi-001010123456780,3,,3,Periodic Reporting,0,681528,681528,0,438,438,343,nist-dnn,1,FFFFFF
bootstrap,2026-09-29T06:54:34.080159527Z,imsi-001010123456780,1000001790664874,,999999999,Volume Threshold,100,100,200,1,1,2,120,nist-dnn,1,FFFFFF
bootstrap,2026-09-29T07:02:49.405761333Z,imsi-001010123456780,4,,1,Time Threshold,0,1556,1556,0,1,1,474,nist-dnn,1,FFFFFF
bootstrap,2026-09-29T07:02:49.427615036Z,imsi-001010123456780,4,,2,Periodic Reporting,0,1556,1556,0,1,1,474,nist-dnn,1,FFFFFF
bootstrap,2026-09-29T07:02:59.429289984Z,imsi-001010123456780,4,,3,Periodic Reporting,0,681528,681528,0,438,438,484,nist-dnn,1,FFFFFF
bootstrap,2026-09-29T07:13:30.877236489Z,imsi-001010123456780,4,,4,Periodic Reporting,0,1335048,1335048,0,858,858,1116,nist-dnn,1,FFFFFF
bootstrap,2026-09-29T07:13:49.030734646Z,imsi-001010123456780,4,,5,Periodic Reporting,0,1990124,1990124,0,1279,1279,1134,nist-dnn,1,FFFFFF
bootstrap,2026-09-29T07:20:43.44600076Z,imsi-001010123456780,5,,1,Time Threshold,0,1286,1286,0,1,1,68,nist-dnn,1,FFFFFF
bootstrap,2026-09-29T07:20:43.467262194Z,imsi-001010123456780,5,,2,Periodic Reporting,0,1286,1286,0,1,1,68,nist-dnn,1,FFFFFF
bootstrap,2026-09-29T08:16:04.3060023Z,imsi-001010123456780,1,,4,Periodic Reporting,583740,607632,1191372,470,480,950,257,nist-dnn,1,FFFFFF
bootstrap,2026-09-29T08:18:12.099156019Z,imsi-001010123456780,1,,5,Periodic Reporting,583740,1212052,1795792,470,950,1420,384,nist-dnn,1,FFFFFF
bootstrap,2026-09-29T08:23:09.986761602Z,imsi-001010123456780,1,,6,Periodic Reporting,584930,1567714,2152644,477,1229,1706,682,nist-dnn,1,FFFFFF
bootstrap,2026-09-29T08:24:59.134788004Z,imsi-001010123456780,1000001790670299,,999999999,Volume Threshold,100,100,200,1,1,2,120,nist-dnn,1,FFFFFF
bootstrap,2026-09-29T08:25:34.43991945Z,imsi-001010123456780,2,,1,Time Threshold,1242,0,1242,1,0,1,15,nist-dnn,1,FFFFFF
bootstrap,2026-09-29T08:25:34.462031284Z,imsi-001010123456780,2,,2,Periodic Reporting,1242,0,1242,1,0,1,15,nist-dnn,1,FFFFFF
bootstrap,2026-09-29T08:25:44.47330758Z,imsi-001010123456780,2,,3,Periodic Reporting,13572576,0,13572576,10928,0,10928,25,nist-dnn,1,FFFFFF
bootstrap,2026-09-29T08:25:54.458557164Z,imsi-001010123456780,2,,4,Periodic Reporting,27196074,0,27196074,21897,0,21897,35,nist-dnn,1,FFFFFF
bootstrap,2026-09-29T08:26:04.4581283Z,imsi-001010123456780,2,,5,Periodic Reporting,40741326,0,40741326,32803,0,32803,45,nist-dnn,1,FFFFFF
bootstrap,2026-09-29T08:26:14.470530651Z,imsi-001010123456780,2,,6,Periodic Reporting,54333774,0,54333774,43747,0,43747,55,nist-dnn,1,FFFFFF
bootstrap,2026-09-29T08:26:24.503608092Z,imsi-001010123456780,2,,7,Periodic Reporting,67902624,0,67902624,54672,0,54672,65,nist-dnn,1,FFFFFF
bootstrap,2026-09-29T08:26:34.515005407Z,imsi-001010123456780,2,,8,Periodic Reporting,81526122,0,81526122,65641,0,65641,75,nist-dnn,1,FFFFFF
bootstrap,2026-09-29T08:26:44.523472531Z,imsi-001010123456780,2,,9,Periodic Reporting,95101182,0,95101182,76571,0,76571,85,nist-dnn,1,FFFFFF
bootstrap,2026-09-29T08:26:54.524722513Z,imsi-001010123456780,2,,10,Periodic Reporting,108653886,0,108653886,87483,0,87483,95,nist-dnn,1,FFFFFF
bootstrap,2026-09-29T08:39:06.548343463Z,imsi-001010123456780,1000001790671146,,999999999,Volume Threshold,100,100,200,1,1,2,120,nist-dnn,1,FFFFFF
bootstrap,2026-09-29T08:48:29.096115602Z,imsi-001010123456780,3,,4,Periodic Reporting,27183654,0,27183654,21887,0,21887,541,nist-dnn,1,FFFFFF
bootstrap,2026-09-29T08:48:39.101706494Z,imsi-001010123456780,3,,5,Periodic Reporting,40743810,0,40743810,32805,0,32805,551,nist-dnn,1,FFFFFF
bootstrap,2026-09-29T08:48:49.122223919Z,imsi-001010123456780,3,,6,Periodic Reporting,54322596,0,54322596,43738,0,43738,561,nist-dnn,1,FFFFFF
bootstrap,2026-09-29T08:48:59.131114812Z,imsi-001010123456780,3,,7,Periodic Reporting,67226976,0,67226976,54128,0,54128,571,nist-dnn,1,FFFFFF
bootstrap,2026-09-29T08:49:09.143202589Z,imsi-001010123456780,3,,8,Periodic Reporting,81500040,0,81500040,65620,0,65620,581,nist-dnn,1,FFFFFF
bootstrap,2026-09-29T08:49:19.141823072Z,imsi-001010123456780,3,,9,Periodic Reporting,95056470,0,95056470,76535,0,76535,591,nist-dnn,1,FFFFFF
bootstrap,2026-09-29T08:49:29.1406827Z,imsi-001010123456780,3,,10,Periodic Reporting,108655128,0,108655128,87484,0,87484,601,nist-dnn,1,FFFFFF
bootstrap,2026-09-29T08:49:39.14337177Z,imsi-001010123456780,3,,11,Periodic Reporting,122197896,0,122197896,98388,0,98388,611,nist-dnn,1,FFFFFF
bootstrap,2026-09-29T08:49:49.148247351Z,imsi-001010123456780,3,,12,Periodic Reporting,135774198,0,135774198,109319,0,109319,621,nist-dnn,1,FFFFFF
bootstrap,2026-09-29T08:49:59.15470808Z,imsi-001010123456780,3,,13,Periodic Reporting,149361678,0,149361678,120259,0,120259,631,nist-dnn,1,FFFFFF
bootstrap,2026-09-29T08:50:09.163786673Z,imsi-001010123456780,3,,14,Periodic Reporting,162797832,642,162798474,131078,3,131081,641,nist-dnn,1,FFFFFF
bootstrap,2026-09-29T08:50:19.271518101Z,imsi-001010123456780,3,,15,Periodic Reporting,162797832,1928,162799760,131078,4,131082,651,nist-dnn,1,FFFFFF
bootstrap,2026-09-29T08:50:29.273305155Z,imsi-001010123456780,3,,16,Periodic Reporting,162797832,14050192,176848024,131078,10928,142006,661,nist-dnn,1,FFFFFF
bootstrap,2026-09-29T08:50:39.276217073Z,imsi-001010123456780,3,,17,Periodic Reporting,162797832,28097170,190895002,131078,21851,152929,671,nist-dnn,1,FFFFFF
bootstrap,2026-09-29T08:50:49.27200728Z,imsi-001010123456780,3,,18,Periodic Reporting,162797832,42144148,204941980,131078,32774,163852,681,nist-dnn,1,FFFFFF
bootstrap,2026-09-29T08:50:59.287632395Z,imsi-001010123456780,3,,19,Periodic Reporting,162797832,56191126,218988958,131078,43697,174775,691,nist-dnn,1,FFFFFF
bootstrap,2026-09-29T08:51:09.281026678Z,imsi-001010123456780,3,,20,Periodic Reporting,162797832,70238104,233035936,131078,54620,185698,701,nist-dnn,1,FFFFFF
bootstrap,2026-09-29T08:51:19.275131082Z,imsi-001010123456780,3,,21,Periodic Reporting,162797832,84285082,247082914,131078,65543,196621,711,nist-dnn,1,FFFFFF
bootstrap,2026-09-29T08:51:29.278941198Z,imsi-001010123456780,3,,22,Periodic Reporting,162797832,98332060,261129892,131078,76466,207544,721,nist-dnn,1,FFFFFF
bootstrap,2026-09-29T08:51:39.286001266Z,imsi-001010123456780,3,,23,Periodic Reporting,162797832,112379038,275176870,131078,87389,218467,731,nist-dnn,1,FFFFFF
bootstrap,2026-09-29T08:51:49.277159402Z,imsi-001010123456780,3,,24,Periodic Reporting,162797832,126426016,289223848,131078,98312,229390,741,nist-dnn,1,FFFFFF
bootstrap,2026-09-29T08:51:59.289210614Z,imsi-001010123456780,3,,25,Periodic Reporting,162797832,140472994,303270826,131078,109235,240313,751,nist-dnn,1,FFFFFF
bootstrap,2026-09-29T08:52:09.277080963Z,imsi-001010123456780,3,,26,Periodic Reporting,162797832,154519972,317317804,131078,120158,251236,761,nist-dnn,1,FFFFFF
bootstrap,2026-09-29T08:52:19.292072641Z,imsi-001010123456780,3,,27,Periodic Reporting,162797832,168564378,331362210,131078,131079,262157,771,nist-dnn,1,FFFFFF
bootstrap,2026-09-29T09:13:04.629381179Z,imsi-001010123456780,1000001790673184,,999999999,Volume Threshold,100,100,200,1,1,2,120,nist-dnn,1,FFFFFF
bootstrap,2026-09-29T09:14:30.955480406Z,imsi-001010123456780,4,,6,Periodic Reporting,54320112,0,54320112,43736,0,43736,68,nist-dnn,1,FFFFFF
bootstrap,2026-09-29T09:14:40.956388348Z,imsi-001010123456780,4,,7,Periodic Reporting,67917528,0,67917528,54684,0,54684,78,nist-dnn,1,FFFFFF
bootstrap,2026-09-29T09:14:50.980989747Z,imsi-001010123456780,4,,8,Periodic Reporting,81467748,0,81467748,65594,0,65594,88,nist-dnn,1,FFFFFF
bootstrap,2026-09-29T09:15:00.985627647Z,imsi-001010123456780,4,,9,Periodic Reporting,95072616,0,95072616,76548,0,76548,98,nist-dnn,1,FFFFFF
bootstrap,2026-09-29T09:15:10.978036571Z,imsi-001010123456780,4,,10,Periodic Reporting,108636498,0,108636498,87469,0,87469,108,nist-dnn,1,FFFFFF
bootstrap,2026-09-29T09:15:20.98617778Z,imsi-001010123456780,4,,11,Periodic Reporting,122222736,0,122222736,98408,0,98408,118,nist-dnn,1,FFFFFF
bootstrap,2026-09-29T09:15:31.011747617Z,imsi-001010123456780,4,,12,Periodic Reporting,135795312,0,135795312,109336,0,109336,128,nist-dnn,1,FFFFFF
bootstrap,2026-09-29T09:15:41.017760858Z,imsi-001010123456780,4,,13,Periodic Reporting,149406390,0,149406390,120295,0,120295,138,nist-dnn,1,FFFFFF
bootstrap,2026-09-29T09:16:01.096332253Z,imsi-001010123456780,4,,14,Periodic Reporting,162800712,2356,162803068,131082,6,131088,158,nist-dnn,1,FFFFFF
bootstrap,2026-09-29T09:16:11.095817997Z,imsi-001010123456780,4,,15,Periodic Reporting,162800712,14050620,176851332,131082,10930,142012,168,nist-dnn,1,FFFFFF
bootstrap,2026-09-29T09:16:21.098772597Z,imsi-001010123456780,4,,16,Periodic Reporting,162800712,28097598,190898310,131082,21853,152935,178,nist-dnn,1,FFFFFF
bootstrap,2026-09-29T09:16:31.097205617Z,imsi-001010123456780,4,,17,Periodic Reporting,162800712,42144576,204945288,131082,32776,163858,188,nist-dnn,1,FFFFFF
bootstrap,2026-09-29T09:16:41.097184534Z,imsi-001010123456780,4,,18,Periodic Reporting,162800712,56191554,218992266,131082,43699,174781,198,nist-dnn,1,FFFFFF
bootstrap,2026-09-29T09:16:51.095216213Z,imsi-001010123456780,4,,19,Periodic Reporting,162800712,70238532,233039244,131082,54622,185704,208,nist-dnn,1,FFFFFF
bootstrap,2026-09-29T09:17:01.097881094Z,imsi-001010123456780,4,,20,Periodic Reporting,162800712,84285510,247086222,131082,65545,196627,218,nist-dnn,1,FFFFFF
bootstrap,2026-09-29T09:17:11.099834926Z,imsi-001010123456780,4,,21,Periodic Reporting,162800712,98332488,261133200,131082,76468,207550,228,nist-dnn,1,FFFFFF
bootstrap,2026-09-29T09:17:21.097980466Z,imsi-001010123456780,4,,22,Periodic Reporting,162800712,112379466,275180178,131082,87391,218473,238,nist-dnn,1,FFFFFF
bootstrap,2026-09-29T09:17:31.102593656Z,imsi-001010123456780,4,,23,Periodic Reporting,162800712,126426444,289227156,131082,98314,229396,248,nist-dnn,1,FFFFFF
bootstrap,2026-09-29T09:17:41.097930106Z,imsi-001010123456780,4,,24,Periodic Reporting,162800712,140473422,303274134,131082,109237,240319,258,nist-dnn,1,FFFFFF
bootstrap,2026-09-29T09:17:51.104938771Z,imsi-001010123456780,4,,25,Periodic Reporting,162800712,154520400,317321112,131082,120160,251242,268,nist-dnn,1,FFFFFF
bootstrap,2026-09-29T09:18:01.119893566Z,imsi-001010123456780,4,,26,Periodic Reporting,162800712,168564806,331365518,131082,131081,262163,278,nist-dnn,1,FFFFFF
bootstrap,2026-09-29T09:36:48.650105279Z,imsi-001010123456780,1000001790674608,,999999999,Volume Threshold,100,100,200,1,1,2,120,nist-dnn,1,FFFFFF
bootstrap,2026-09-29T09:50:14.433679006Z,imsi-001010123456780,1000001790675414,,999999999,Volume Threshold,100,100,200,1,1,2,120,nist-dnn,1,FFFFFF
bootstrap,2026-09-29T09:59:55.263656398Z,imsi-001010123456780,1000001790675995,,999999999,Volume Threshold,100,100,200,1,1,2,120,nist-dnn,1,FFFFFF
bootstrap,2026-09-29T10:02:21.150732198Z,imsi-001010123456780,2,,11,Periodic Reporting,122304708,0,122304708,98474,0,98474,113,nist-dnn,1,FFFFFF
bootstrap,2026-09-29T10:02:31.155906497Z,imsi-001010123456780,2,,12,Periodic Reporting,135863622,0,135863622,109391,0,109391,123,nist-dnn,1,FFFFFF
bootstrap,2026-09-29T10:02:41.156111692Z,imsi-001010123456780,2,,13,Periodic Reporting,149426262,0,149426262,120311,0,120311,133,nist-dnn,1,FFFFFF
bootstrap,2026-09-29T10:03:01.291503336Z,imsi-001010123456780,2,,14,Periodic Reporting,162797832,1928,162799760,131078,4,131082,153,nist-dnn,1,FFFFFF
bootstrap,2026-09-29T10:03:11.279272896Z,imsi-001010123456780,2,,15,Periodic Reporting,162797832,14050192,176848024,131078,10928,142006,163,nist-dnn,1,FFFFFF
bootstrap,2026-09-29T10:03:21.279105671Z,imsi-001010123456780,2,,16,Periodic Reporting,162797832,28097170,190895002,131078,21851,152929,173,nist-dnn,1,FFFFFF
bootstrap,2026-09-29T10:03:31.281012988Z,imsi-001010123456780,2,,17,Periodic Reporting,162797832,42144148,204941980,131078,32774,163852,183,nist-dnn,1,FFFFFF
bootstrap,2026-09-29T10:03:41.275666484Z,imsi-001010123456780,2,,18,Periodic Reporting,162797832,56191126,218988958,131078,43697,174775,193,nist-dnn,1,FFFFFF
bootstrap,2026-09-29T10:03:51.278578323Z,imsi-001010123456780,2,,19,Periodic Reporting,162797832,70238104,233035936,131078,54620,185698,203,nist-dnn,1,FFFFFF
bootstrap,2026-09-29T10:04:01.282797254Z,imsi-001010123456780,2,,20,Periodic Reporting,162797832,84285082,247082914,131078,65543,196621,213,nist-dnn,1,FFFFFF
bootstrap,2026-09-29T10:04:11.286392613Z,imsi-001010123456780,2,,21,Periodic Reporting,162797832,98332060,261129892,131078,76466,207544,223,nist-dnn,1,FFFFFF
bootstrap,2026-09-29T10:04:21.276910459Z,imsi-001010123456780,2,,22,Periodic Reporting,162797832,112379038,275176870,131078,87389,218467,233,nist-dnn,1,FFFFFF
bootstrap,2026-09-29T10:04:31.278439193Z,imsi-001010123456780,2,,23,Periodic Reporting,162797832,126426016,289223848,131078,98312,229390,243,nist-dnn,1,FFFFFF
bootstrap,2026-09-29T10:04:41.281253283Z,imsi-001010123456780,2,,24,Periodic Reporting,162797832,140472994,303270826,131078,109235,240313,253,nist-dnn,1,FFFFFF
bootstrap,2026-09-29T10:04:51.284743396Z,imsi-001010123456780,2,,25,Periodic Reporting,162797832,154519972,317317804,131078,120158,251236,263,nist-dnn,1,FFFFFF
bootstrap,2026-09-29T10:05:01.307111621Z,imsi-001010123456780,2,,26,Periodic Reporting,162797832,168564378,331362210,131078,131079,262157,273,nist-dnn,1,FFFFFF
bootstrap,2026-09-30T05:26:25.316196641Z,imsi-001010123456780,1000001790745985,,999999999,Volume Threshold,100,100,200,1,1,2,120,nist-dnn,1,FFFFFF
bootstrap,2026-09-30T05:28:23.59649046Z,imsi-001010123456780,1000001790746103,,999999999,Volume Threshold,100,100,200,1,1,2,120,nist-dnn,1,FFFFFF
bootstrap,2026-09-30T05:30:24.18321829Z,imsi-001010123456780,1,,7,Periodic Reporting,67972176,0,67972176,54728,0,54728,69,nist-dnn,1,FFFFFF
bootstrap,2026-09-30T05:30:34.17817273Z,imsi-001010123456780,1,,8,Periodic Reporting,81533574,0,81533574,65647,0,65647,79,nist-dnn,1,FFFFFF
bootstrap,2026-09-30T05:30:44.189402225Z,imsi-001010123456780,1,,9,Periodic Reporting,95126022,0,95126022,76591,0,76591,89,nist-dnn,1,FFFFFF
bootstrap,2026-09-30T05:30:54.223860849Z,imsi-001010123456780,1,,10,Periodic Reporting,108691146,0,108691146,87513,0,87513,99,nist-dnn,1,FFFFFF
bootstrap,2026-09-30T05:31:04.230729306Z,imsi-001010123456780,1,,11,Periodic Reporting,122269932,0,122269932,98446,0,98446,109,nist-dnn,1,FFFFFF
bootstrap,2026-09-30T05:31:14.234984842Z,imsi-001010123456780,1,,12,Periodic Reporting,135869832,0,135869832,109396,0,109396,119,nist-dnn,1,FFFFFF
bootstrap,2026-09-30T05:31:24.238378706Z,imsi-001010123456780,1,,13,Periodic Reporting,149449860,0,149449860,120330,0,120330,129,nist-dnn,1,FFFFFF
bootstrap,2026-09-30T05:31:44.267107545Z,imsi-001010123456780,1,,14,Periodic Reporting,162800712,2356,162803068,131082,6,131088,149,nist-dnn,1,FFFFFF
bootstrap,2026-09-30T05:31:54.266941145Z,imsi-001010123456780,1,,15,Periodic Reporting,162800712,14050620,176851332,131082,10930,142012,159,nist-dnn,1,FFFFFF
bootstrap,2026-09-30T05:32:04.26652466Z,imsi-001010123456780,1,,16,Periodic Reporting,162800712,28097598,190898310,131082,21853,152935,169,nist-dnn,1,FFFFFF
bootstrap,2026-09-30T05:32:14.272512576Z,imsi-001010123456780,1,,17,Periodic Reporting,162800712,42144576,204945288,131082,32776,163858,179,nist-dnn,1,FFFFFF
bootstrap,2026-09-30T05:32:24.268400324Z,imsi-001010123456780,1,,18,Periodic Reporting,162800712,56191554,218992266,131082,43699,174781,189,nist-dnn,1,FFFFFF
bootstrap,2026-09-30T05:32:34.266270894Z,imsi-001010123456780,1,,19,Periodic Reporting,162800712,70238532,233039244,131082,54622,185704,199,nist-dnn,1,FFFFFF
bootstrap,2026-09-30T05:32:44.276027978Z,imsi-001010123456780,1,,20,Periodic Reporting,162800712,84285510,247086222,131082,65545,196627,209,nist-dnn,1,FFFFFF
bootstrap,2026-09-30T05:32:54.274420027Z,imsi-001010123456780,1,,21,Periodic Reporting,162800712,98332488,261133200,131082,76468,207550,219,nist-dnn,1,FFFFFF
bootstrap,2026-09-30T05:33:04.270883342Z,imsi-001010123456780,1,,22,Periodic Reporting,162800712,112379466,275180178,131082,87391,218473,229,nist-dnn,1,FFFFFF
bootstrap,2026-09-30T05:33:14.270907971Z,imsi-001010123456780,1,,23,Periodic Reporting,162800712,126426444,289227156,131082,98314,229396,239,nist-dnn,1,FFFFFF
bootstrap,2026-09-30T05:33:24.274097702Z,imsi-001010123456780,1,,24,Periodic Reporting,162800712,140473422,303274134,131082,109237,240319,249,nist-dnn,1,FFFFFF
bootstrap,2026-09-30T05:33:34.280259178Z,imsi-001010123456780,1,,25,Periodic Reporting,162800712,154520400,317321112,131082,120160,251242,259,nist-dnn,1,FFFFFF
bootstrap,2026-09-30T05:33:44.291617409Z,imsi-001010123456780,1,,26,Periodic Reporting,162800712,168564806,331365518,131082,131081,262163,269,nist-dnn,1,FFFFFF
bootstrap,2026-09-30T05:35:52.101920358Z,imsi-001010123456780,1000001790746552,,999999999,Volume Threshold,100,100,200,1,1,2,120,nist-dnn,1,FFFFFF
bootstrap,2026-09-30T05:44:26.836676593Z,imsi-001010123456780,2,,27,Periodic Reporting,162798512,168567220,331365732,131082,131082,262164,492,nist-dnn,1,FFFFFF
bootstrap,2026-09-30T05:47:11.78683281Z,imsi-001010123456780,2,,28,Periodic Reporting,176368604,168572950,344941554,142008,131097,273105,657,nist-dnn,1,FFFFFF
bootstrap,2026-09-30T05:47:21.828845079Z,imsi-001010123456780,2,,29,Periodic Reporting,189939938,168582460,358522398,152935,131112,284047,667,nist-dnn,1,FFFFFF
bootstrap,2026-09-30T07:30:42.7683043Z,imsi-001010123456780,3,,28,Periodic Reporting,6325148,26266578,32591726,5260,20889,26149,191,nist-dnn,1,FFFFFF
bootstrap,2026-09-30T07:31:40.809927252Z,imsi-001010123456780,3,,29,Periodic Reporting,6414182,26476404,32890586,5513,21250,26763,249,nist-dnn,1,FFFFFF
bootstrap,2026-09-30T07:32:14.460597864Z,imsi-001010123456780,3,,30,Periodic Reporting,6419882,26623490,33043372,5523,21501,27024,282,nist-dnn,1,FFFFFF
bootstrap,2026-09-30T07:32:41.440203971Z,imsi-001010123456780,3,,31,Periodic Reporting,6426152,26828590,33254742,5534,21851,27385,309,nist-dnn,1,FFFFFF
bootstrap,2026-09-30T07:33:15.444169894Z,imsi-001010123456780,3,,32,Periodic Reporting,6426152,27036148,33462300,5534,22204,27738,343,nist-dnn,1,FFFFFF
bootstrap,2026-09-30T07:33:25.445978386Z,imsi-001010123456780,3,,33,Periodic Reporting,7781218,28442988,36224206,6625,23298,29923,353,nist-dnn,1,FFFFFF
bootstrap,2026-09-30T07:33:32.449108988Z,imsi-001010123456780,3,,34,Time Threshold,8753954,29402754,38156708,7389,24063,31452,5,nist-dnn,1,FFFFFF
bootstrap,2026-09-30T07:33:37.447724713Z,imsi-001010123456780,3,,35,Periodic Reporting,9459968,30082172,39542140,7938,24610,32548,10,nist-dnn,1,FFFFFF
bootstrap,2026-09-30T07:33:48.233984821Z,imsi-001010123456780,3,,36,Time Threshold,10953204,31569316,42522520,9118,25788,34906,5,nist-dnn,1,FFFFFF
bootstrap,2026-09-30T07:33:53.231917157Z,imsi-001010123456780,3,,37,Periodic Reporting,11627610,32272670,43900280,9661,26335,35996,10,nist-dnn,1,FFFFFF
bootstrap,2026-10-01T09:04:58.641222011Z,imsi-001010123456780,1000001790845498,,999999999,Volume Threshold,100,100,200,1,1,2,120,nist-dnn,1,FFFFFF
bootstrap,2026-10-01T09:05:02.032623357Z,imsi-001010123456780,1000001790845502,,999999999,Volume Threshold,100,100,200,1,1,2,120,nist-dnn,1,FFFFFF
bootstrap,2026-10-01T09:25:38.325626029Z,imsi-001010123456780,1000001790846738,,999999999,Volume Threshold,100,100,200,1,1,2,120,nist-dnn,1,FFFFFF
bootstrap,2026-10-01T09:41:43.338375835Z,imsi-001010123456780,1000001790847703,,999999999,Volume Threshold,100,100,200,1,1,2,120,nist-dnn,1,FFFFFF
bootstrap,2026-10-01T09:59:03.166368579Z,imsi-001010123456780,1000001790848743,,999999999,Volume Threshold,100,100,200,1,1,2,120,nist-dnn,1,FFFFFF
bootstrap,2026-10-01T10:14:06.405899583Z,imsi-001010123456780,1000001790849646,,999999999,Volume Threshold,100,100,200,1,1,2,120,nist-dnn,1,FFFFFF
bootstrap,2026-10-01T11:59:31.327509775Z,imsi-001010123456780,1000001790855971,,999999999,Volume Threshold,100,100,200,1,1,2,120,nist-dnn,1,FFFFFF
bootstrap,2026-10-01T12:04:43.351383925Z,imsi-001010123456780,1000001790856283,,999999999,Volume Threshold,100,100,200,1,1,2,120,nist-dnn,1,FFFFFF
bootstrap,2026-10-01T12:16:09.999270735Z,imsi-001010123456780,1000001790856969,,999999999,Volume Threshold,100,100,200,1,1,2,120,nist-dnn,1,FFFFFF
bootstrap,2026-10-01T12:28:14.129550421Z,imsi-001010123456780,7,,1,Time Threshold,1242,0,1242,1,0,1,54,nist-dnn,1,FFFFFF
bootstrap,2026-10-01T12:28:14.151060182Z,imsi-001010123456780,7,,2,Periodic Reporting,1242,0,1242,1,0,1,54,nist-dnn,1,FFFFFF
bootstrap,2026-10-01T12:28:24.134975431Z,imsi-001010123456780,7,,3,Periodic Reporting,13599900,0,13599900,10950,0,10950,64,nist-dnn,1,FFFFFF
bootstrap,2026-10-01T12:28:34.139298371Z,imsi-001010123456780,7,,4,Periodic Reporting,27188622,0,27188622,21891,0,21891,74,nist-dnn,1,FFFFFF
bootstrap,2026-10-01T12:28:44.163257149Z,imsi-001010123456780,7,,5,Periodic Reporting,40768650,0,40768650,32825,0,32825,84,nist-dnn,1,FFFFFF
bootstrap,2026-10-01T12:28:54.15409099Z,imsi-001010123456780,7,,6,Periodic Reporting,54347436,0,54347436,43758,0,43758,94,nist-dnn,1,FFFFFF
bootstrap,2026-10-01T12:29:04.154654647Z,imsi-001010123456780,7,,7,Periodic Reporting,67917528,0,67917528,54684,0,54684,104,nist-dnn,1,FFFFFF
bootstrap,2026-10-01T12:29:14.167520018Z,imsi-001010123456780,7,,8,Periodic Reporting,81480168,0,81480168,65604,0,65604,114,nist-dnn,1,FFFFFF
bootstrap,2026-10-01T12:29:24.162207199Z,imsi-001010123456780,7,,9,Periodic Reporting,95060196,0,95060196,76538,0,76538,124,nist-dnn,1,FFFFFF
bootstrap,2026-10-01T12:29:34.168372327Z,imsi-001010123456780,7,,10,Periodic Reporting,108641466,0,108641466,87473,0,87473,134,nist-dnn,1,FFFFFF
bootstrap,2026-10-01T12:29:44.181732716Z,imsi-001010123456780,7,,11,Periodic Reporting,121376934,0,121376934,97727,0,97727,144,nist-dnn,1,FFFFFF
bootstrap,2026-10-01T12:29:54.211433377Z,imsi-001010123456780,7,,12,Periodic Reporting,131255802,0,131255802,105681,0,105681,154,nist-dnn,1,FFFFFF
bootstrap,2026-10-01T12:30:04.212992223Z,imsi-001010123456780,7,,13,Periodic Reporting,146876436,0,146876436,118258,0,118258,164,nist-dnn,1,FFFFFF
bootstrap,2026-10-01T12:30:14.222142396Z,imsi-001010123456780,7,,14,Periodic Reporting,161917056,0,161917056,130368,0,130368,174,nist-dnn,1,FFFFFF
bootstrap,2026-10-01T12:30:24.923871609Z,imsi-001010123456780,7,,15,Periodic Reporting,162864862,6802,162871664,131137,15,131152,185,nist-dnn,1,FFFFFF
bootstrap,2026-10-01T12:30:34.919648972Z,imsi-001010123456780,7,,16,Periodic Reporting,162864862,14055066,176919928,131137,10939,142076,195,nist-dnn,1,FFFFFF
bootstrap,2026-10-01T12:30:44.938718421Z,imsi-001010123456780,7,,17,Periodic Reporting,162864862,28102044,190966906,131137,21862,152999,205,nist-dnn,1,FFFFFF
bootstrap,2026-10-01T12:30:54.924580743Z,imsi-001010123456780,7,,18,Periodic Reporting,162864862,42149022,205013884,131137,32785,163922,215,nist-dnn,1,FFFFFF
bootstrap,2026-10-01T12:31:04.925732463Z,imsi-001010123456780,7,,19,Periodic Reporting,162864862,56196000,219060862,131137,43708,174845,225,nist-dnn,1,FFFFFF
bootstrap,2026-10-01T12:31:14.920039459Z,imsi-001010123456780,7,,20,Periodic Reporting,162864862,70242978,233107840,131137,54631,185768,235,nist-dnn,1,FFFFFF
bootstrap,2026-10-01T12:31:24.922434868Z,imsi-001010123456780,7,,21,Periodic Reporting,162864862,84289956,247154818,131137,65554,196691,245,nist-dnn,1,FFFFFF
bootstrap,2026-10-01T12:31:34.924108845Z,imsi-001010123456780,7,,22,Periodic Reporting,162864862,98336934,261201796,131137,76477,207614,255,nist-dnn,1,FFFFFF
bootstrap,2026-10-01T12:31:44.923103436Z,imsi-001010123456780,7,,23,Periodic Reporting,162864862,112383912,275248774,131137,87400,218537,265,nist-dnn,1,FFFFFF
bootstrap,2026-10-01T12:31:54.92149749Z,imsi-001010123456780,7,,24,Periodic Reporting,162864862,126430890,289295752,131137,98323,229460,275,nist-dnn,1,FFFFFF
bootstrap,2026-10-01T12:32:04.922428435Z,imsi-001010123456780,7,,25,Periodic Reporting,162864862,140477868,303342730,131137,109246,240383,285,nist-dnn,1,FFFFFF
bootstrap,2026-10-01T12:32:14.922311804Z,imsi-001010123456780,7,,26,Periodic Reporting,162864862,154524846,317389708,131137,120169,251306,295,nist-dnn,1,FFFFFF
bootstrap,2026-10-01T12:32:24.945160314Z,imsi-001010123456780,7,,27,Periodic Reporting,162864862,168569252,331434114,131137,131090,262227,305,nist-dnn,1,FFFFFF
bootstrap,2026-10-01T12:33:16.751507482Z,imsi-001010123456780,1000001790857996,,999999999,Volume Threshold,100,100,200,1,1,2,120,nist-dnn,1,FFFFFF
bootstrap,2026-10-01T12:33:50.752363356Z,imsi-001010123456780,8,,1,Time Threshold,1242,0,1242,1,0,1,13,nist-dnn,1,FFFFFF
bootstrap,2026-10-01T12:33:50.779815786Z,imsi-001010123456780,8,,2,Periodic Reporting,1242,0,1242,1,0,1,13,nist-dnn,1,FFFFFF
bootstrap,2026-10-01T12:34:00.760279286Z,imsi-001010123456780,8,,3,Periodic Reporting,13625982,0,13625982,10971,0,10971,23,nist-dnn,1,FFFFFF
bootstrap,2026-10-01T12:34:10.756501791Z,imsi-001010123456780,8,,4,Periodic Reporting,27198558,0,27198558,21899,0,21899,33,nist-dnn,1,FFFFFF
bootstrap,2026-10-01T12:34:20.767216594Z,imsi-001010123456780,8,,5,Periodic Reporting,40767408,0,40767408,32824,0,32824,43,nist-dnn,1,FFFFFF
bootstrap,2026-10-01T12:34:30.768284636Z,imsi-001010123456780,8,,6,Periodic Reporting,54323838,0,54323838,43739,0,43739,53,nist-dnn,1,FFFFFF
bootstrap,2026-10-01T12:34:40.782393911Z,imsi-001010123456780,8,,7,Periodic Reporting,67917528,0,67917528,54684,0,54684,63,nist-dnn,1,FFFFFF
bootstrap,2026-10-01T12:34:50.779089739Z,imsi-001010123456780,8,,8,Periodic Reporting,81482652,0,81482652,65606,0,65606,73,nist-dnn,1,FFFFFF
bootstrap,2026-10-01T12:35:00.783118622Z,imsi-001010123456780,8,,9,Periodic Reporting,95057712,0,95057712,76536,0,76536,83,nist-dnn,1,FFFFFF
bootstrap,2026-10-01T12:35:10.793166136Z,imsi-001010123456780,8,,10,Periodic Reporting,108616626,0,108616626,87453,0,87453,93,nist-dnn,1,FFFFFF
bootstrap,2026-10-01T12:35:20.803219566Z,imsi-001010123456780,8,,11,Periodic Reporting,122197896,0,122197896,98388,0,98388,103,nist-dnn,1,FFFFFF
bootstrap,2026-10-01T12:35:30.797674477Z,imsi-001010123456780,8,,12,Periodic Reporting,135769230,0,135769230,109315,0,109315,113,nist-dnn,1,FFFFFF
bootstrap,2026-10-01T12:35:40.80423293Z,imsi-001010123456780,8,,13,Periodic Reporting,149338080,0,149338080,120240,0,120240,123,nist-dnn,1,FFFFFF
bootstrap,2026-10-01T12:35:50.803568073Z,imsi-001010123456780,8,,14,Periodic Reporting,162796590,428,162797018,131077,2,131079,133,nist-dnn,1,FFFFFF
bootstrap,2026-10-01T12:36:01.081773033Z,imsi-001010123456780,8,,15,Periodic Reporting,162796590,1714,162798304,131077,3,131080,143,nist-dnn,1,FFFFFF
bootstrap,2026-10-01T12:36:11.083098329Z,imsi-001010123456780,8,,16,Periodic Reporting,162796590,14049978,176846568,131077,10927,142004,153,nist-dnn,1,FFFFFF
bootstrap,2026-10-01T12:36:21.085628478Z,imsi-001010123456780,8,,17,Periodic Reporting,162796590,28096956,190893546,131077,21850,152927,163,nist-dnn,1,FFFFFF
bootstrap,2026-10-01T12:36:31.08948414Z,imsi-001010123456780,8,,18,Periodic Reporting,162796590,42143934,204940524,131077,32773,163850,173,nist-dnn,1,FFFFFF
bootstrap,2026-10-01T12:36:41.083019719Z,imsi-001010123456780,8,,19,Periodic Reporting,162796590,56190912,218987502,131077,43696,174773,183,nist-dnn,1,FFFFFF
bootstrap,2026-10-01T12:36:51.085311619Z,imsi-001010123456780,8,,20,Periodic Reporting,162796590,70237890,233034480,131077,54619,185696,193,nist-dnn,1,FFFFFF
bootstrap,2026-10-01T12:37:01.083882171Z,imsi-001010123456780,8,,21,Periodic Reporting,162796590,84284868,247081458,131077,65542,196619,203,nist-dnn,1,FFFFFF
bootstrap,2026-10-01T12:37:11.083528114Z,imsi-001010123456780,8,,22,Periodic Reporting,162796590,98331846,261128436,131077,76465,207542,213,nist-dnn,1,FFFFFF
bootstrap,2026-10-01T12:37:21.083238845Z,imsi-001010123456780,8,,23,Periodic Reporting,162796590,112378824,275175414,131077,87388,218465,223,nist-dnn,1,FFFFFF
bootstrap,2026-10-01T12:37:31.084653634Z,imsi-001010123456780,8,,24,Periodic Reporting,162796590,126425802,289222392,131077,98311,229388,233,nist-dnn,1,FFFFFF
bootstrap,2026-10-01T12:37:41.083584983Z,imsi-001010123456780,8,,25,Periodic Reporting,162796590,140472780,303269370,131077,109234,240311,243,nist-dnn,1,FFFFFF
bootstrap,2026-10-01T12:37:51.085018656Z,imsi-001010123456780,8,,26,Periodic Reporting,162796590,154519758,317316348,131077,120157,251234,253,nist-dnn,1,FFFFFF
bootstrap,2026-10-01T12:38:01.107573522Z,imsi-001010123456780,8,,27,Periodic Reporting,162796590,168564164,331360754,131077,131078,262155,263,nist-dnn,1,FFFFFF
